{ "columns":20,
 "image":"..\/Assets\/Tilemap\/tiles.png",
 "imageheight":178,
 "imagewidth":398,
 "margin":0,
 "name":"simple_blocks",
 "spacing":2,
 "tilecount":180,
 "tiledversion":"1.10.1",
 "tileheight":18,
 "tiles":[
        {
         "id":0,
         "objectgroup":
            {
             "draworder":"topdown",
             "name":"",
             "objects":[
                    {
                     "height":18,
                     "id":1,
                     "name":"Bloco1",
                     "rotation":0,
                     "type":"Platform",
                     "visible":true,
                     "width":18,
                     "x":0,
                     "y":0
                    }],
             "opacity":1,
             "type":"objectgroup",
             "visible":true,
             "x":0,
             "y":0
            },
         "type":"platform"
        }, 
        {
         "id":1,
         "objectgroup":
            {
             "draworder":"topdown",
             "name":"",
             "objects":[
                    {
                     "height":18,
                     "id":1,
                     "name":"Bloco1",
                     "rotation":0,
                     "type":"Platform",
                     "visible":true,
                     "width":18,
                     "x":0,
                     "y":0
                    }],
             "opacity":1,
             "type":"objectgroup",
             "visible":true,
             "x":0,
             "y":0
            },
         "type":"platform"
        }, 
        {
         "id":2,
         "objectgroup":
            {
             "draworder":"topdown",
             "name":"",
             "objects":[
                    {
                     "height":18,
                     "id":1,
                     "name":"Bloco1",
                     "rotation":0,
                     "type":"Platform",
                     "visible":true,
                     "width":18,
                     "x":0,
                     "y":0
                    }],
             "opacity":1,
             "type":"objectgroup",
             "visible":true,
             "x":0,
             "y":0
            },
         "type":"platform"
        }, 
        {
         "id":3,
         "objectgroup":
            {
             "draworder":"topdown",
             "name":"",
             "objects":[
                    {
                     "height":18,
                     "id":1,
                     "name":"Bloco1",
                     "rotation":0,
                     "type":"Platform",
                     "visible":true,
                     "width":18,
                     "x":0,
                     "y":0
                    }],
             "opacity":1,
             "type":"objectgroup",
             "visible":true,
             "x":0,
             "y":0
            },
         "type":"platform"
        }, 
        {
         "id":20,
         "objectgroup":
            {
             "draworder":"topdown",
             "name":"",
             "objects":[
                    {
                     "height":18,
                     "id":1,
                     "name":"Bloco1",
                     "rotation":0,
                     "type":"Platform",
                     "visible":true,
                     "width":18,
                     "x":0,
                     "y":0
                    }],
             "opacity":1,
             "type":"objectgroup",
             "visible":true,
             "x":0,
             "y":0
            },
         "type":"platform"
        }, 
        {
         "id":21,
         "objectgroup":
            {
             "draworder":"topdown",
             "name":"",
             "objects":[
                    {
                     "height":18,
                     "id":1,
                     "name":"Bloco1",
                     "rotation":0,
                     "type":"Platform",
                     "visible":true,
                     "width":18,
                     "x":0,
                     "y":0
                    }],
             "opacity":1,
             "type":"objectgroup",
             "visible":true,
             "x":0,
             "y":0
            },
         "type":"platform"
        }, 
        {
         "id":22,
         "objectgroup":
            {
             "draworder":"topdown",
             "name":"",
             "objects":[
                    {
                     "height":18,
                     "id":1,
                     "name":"Bloco1",
                     "rotation":0,
                     "type":"Platform",
                     "visible":true,
                     "width":18,
                     "x":0,
                     "y":0
                    }],
             "opacity":1,
             "type":"objectgroup",
             "visible":true,
             "x":0,
             "y":0
            },
         "type":"platform"
        }, 
        {
         "id":23,
         "objectgroup":
            {
             "draworder":"topdown",
             "name":"",
             "objects":[
                    {
                     "height":18,
                     "id":1,
                     "name":"Bloco1",
                     "rotation":0,
                     "type":"Platform",
                     "visible":true,
                     "width":18,
                     "x":0,
                     "y":0
                    }],
             "opacity":1,
             "type":"objectgroup",
             "visible":true,
             "x":0,
             "y":0
            },
         "type":"platform"
        }, 
        {
         "id":40,
         "objectgroup":
            {
             "draworder":"topdown",
             "name":"",
             "objects":[
                    {
                     "height":18,
                     "id":1,
                     "name":"Bloco1",
                     "rotation":0,
                     "type":"Platform",
                     "visible":true,
                     "width":18,
                     "x":0,
                     "y":0
                    }],
             "opacity":1,
             "type":"objectgroup",
             "visible":true,
             "x":0,
             "y":0
            },
         "type":"platform"
        }, 
        {
         "id":41,
         "objectgroup":
            {
             "draworder":"topdown",
             "name":"",
             "objects":[
                    {
                     "height":18,
                     "id":1,
                     "name":"Bloco1",
                     "rotation":0,
                     "type":"Platform",
                     "visible":true,
                     "width":18,
                     "x":0,
                     "y":0
                    }],
             "opacity":1,
             "type":"objectgroup",
             "visible":true,
             "x":0,
             "y":0
            },
         "type":"platform"
        }, 
        {
         "id":42,
         "objectgroup":
            {
             "draworder":"topdown",
             "name":"",
             "objects":[
                    {
                     "height":18,
                     "id":1,
                     "name":"Bloco1",
                     "rotation":0,
                     "type":"Platform",
                     "visible":true,
                     "width":18,
                     "x":0,
                     "y":0
                    }],
             "opacity":1,
             "type":"objectgroup",
             "visible":true,
             "x":0,
             "y":0
            },
         "type":"platform"
        }, 
        {
         "id":43,
         "objectgroup":
            {
             "draworder":"topdown",
             "name":"",
             "objects":[
                    {
                     "height":18,
                     "id":1,
                     "name":"Bloco1",
                     "rotation":0,
                     "type":"Platform",
                     "visible":true,
                     "width":18,
                     "x":0,
                     "y":0
                    }],
             "opacity":1,
             "type":"objectgroup",
             "visible":true,
             "x":0,
             "y":0
            },
         "type":"platform"
        }, 
        {
         "id":53,
         "objectgroup":
            {
             "draworder":"index",
             "name":"",
             "objects":[
                    {
                     "height":18,
                     "id":1,
                     "name":"",
                     "rotation":0,
                     "type":"ocean",
                     "visible":true,
                     "width":18,
                     "x":0,
                     "y":0
                    }],
             "opacity":1,
             "type":"objectgroup",
             "visible":true,
             "x":0,
             "y":0
            }
        }, 
        {
         "id":60,
         "objectgroup":
            {
             "draworder":"topdown",
             "name":"",
             "objects":[
                    {
                     "height":18,
                     "id":1,
                     "name":"Bloco1",
                     "rotation":0,
                     "type":"Platform",
                     "visible":true,
                     "width":18,
                     "x":0,
                     "y":0
                    }],
             "opacity":1,
             "type":"objectgroup",
             "visible":true,
             "x":0,
             "y":0
            },
         "type":"platform"
        }, 
        {
         "id":61,
         "objectgroup":
            {
             "draworder":"topdown",
             "name":"",
             "objects":[
                    {
                     "height":18,
                     "id":1,
                     "name":"Bloco1",
                     "rotation":0,
                     "type":"Platform",
                     "visible":true,
                     "width":18,
                     "x":0,
                     "y":0
                    }],
             "opacity":1,
             "type":"objectgroup",
             "visible":true,
             "x":0,
             "y":0
            },
         "type":"platform"
        }, 
        {
         "id":62,
         "objectgroup":
            {
             "draworder":"topdown",
             "name":"",
             "objects":[
                    {
                     "height":18,
                     "id":1,
                     "name":"Bloco1",
                     "rotation":0,
                     "type":"Platform",
                     "visible":true,
                     "width":18,
                     "x":0,
                     "y":0
                    }],
             "opacity":1,
             "type":"objectgroup",
             "visible":true,
             "x":0,
             "y":0
            },
         "type":"platform"
        }, 
        {
         "id":63,
         "objectgroup":
            {
             "draworder":"topdown",
             "name":"",
             "objects":[
                    {
                     "height":18,
                     "id":1,
                     "name":"Bloco1",
                     "rotation":0,
                     "type":"Platform",
                     "visible":true,
                     "width":18,
                     "x":0,
                     "y":0
                    }],
             "opacity":1,
             "type":"objectgroup",
             "visible":true,
             "x":0,
             "y":0
            },
         "type":"platform"
        }, 
        {
         "id":68,
         "objectgroup":
            {
             "draworder":"index",
             "name":"",
             "objects":[
                    {
                     "height":9,
                     "id":1,
                     "name":"",
                     "rotation":0,
                     "type":"spike",
                     "visible":true,
                     "width":18,
                     "x":0,
                     "y":9
                    }],
             "opacity":1,
             "type":"objectgroup",
             "visible":true,
             "x":0,
             "y":0
            },
         "type":"spike"
        }, 
        {
         "id":80,
         "objectgroup":
            {
             "draworder":"topdown",
             "name":"",
             "objects":[
                    {
                     "height":18,
                     "id":1,
                     "name":"Bloco1",
                     "rotation":0,
                     "type":"Platform",
                     "visible":true,
                     "width":18,
                     "x":0,
                     "y":0
                    }],
             "opacity":1,
             "type":"objectgroup",
             "visible":true,
             "x":0,
             "y":0
            },
         "type":"platform"
        }, 
        {
         "id":81,
         "objectgroup":
            {
             "draworder":"topdown",
             "name":"",
             "objects":[
                    {
                     "height":18,
                     "id":1,
                     "name":"Bloco1",
                     "rotation":0,
                     "type":"Platform",
                     "visible":true,
                     "width":18,
                     "x":0,
                     "y":0
                    }],
             "opacity":1,
             "type":"objectgroup",
             "visible":true,
             "x":0,
             "y":0
            },
         "type":"platform"
        }, 
        {
         "id":82,
         "objectgroup":
            {
             "draworder":"topdown",
             "name":"",
             "objects":[
                    {
                     "height":18,
                     "id":1,
                     "name":"Bloco1",
                     "rotation":0,
                     "type":"Platform",
                     "visible":true,
                     "width":18,
                     "x":0,
                     "y":0
                    }],
             "opacity":1,
             "type":"objectgroup",
             "visible":true,
             "x":0,
             "y":0
            },
         "type":"platform"
        }, 
        {
         "id":83,
         "objectgroup":
            {
             "draworder":"topdown",
             "name":"",
             "objects":[
                    {
                     "height":18,
                     "id":1,
                     "name":"Bloco1",
                     "rotation":0,
                     "type":"Platform",
                     "visible":true,
                     "width":18,
                     "x":0,
                     "y":0
                    }],
             "opacity":1,
             "type":"objectgroup",
             "visible":true,
             "x":0,
             "y":0
            },
         "type":"platform"
        }, 
        {
         "id":100,
         "objectgroup":
            {
             "draworder":"topdown",
             "name":"",
             "objects":[
                    {
                     "height":18,
                     "id":1,
                     "name":"Bloco1",
                     "rotation":0,
                     "type":"Platform",
                     "visible":true,
                     "width":18,
                     "x":0,
                     "y":0
                    }],
             "opacity":1,
             "type":"objectgroup",
             "visible":true,
             "x":0,
             "y":0
            },
         "type":"platform"
        }, 
        {
         "id":101,
         "objectgroup":
            {
             "draworder":"topdown",
             "name":"",
             "objects":[
                    {
                     "height":18,
                     "id":1,
                     "name":"Bloco1",
                     "rotation":0,
                     "type":"Platform",
                     "visible":true,
                     "width":18,
                     "x":0,
                     "y":0
                    }],
             "opacity":1,
             "type":"objectgroup",
             "visible":true,
             "x":0,
             "y":0
            },
         "type":"platform"
        }, 
        {
         "id":102,
         "objectgroup":
            {
             "draworder":"topdown",
             "name":"",
             "objects":[
                    {
                     "height":18,
                     "id":1,
                     "name":"Bloco1",
                     "rotation":0,
                     "type":"Platform",
                     "visible":true,
                     "width":18,
                     "x":0,
                     "y":0
                    }],
             "opacity":1,
             "type":"objectgroup",
             "visible":true,
             "x":0,
             "y":0
            },
         "type":"platform"
        }, 
        {
         "id":103,
         "objectgroup":
            {
             "draworder":"topdown",
             "name":"",
             "objects":[
                    {
                     "height":18,
                     "id":1,
                     "name":"Bloco1",
                     "rotation":0,
                     "type":"Platform",
                     "visible":true,
                     "width":18,
                     "x":0,
                     "y":0
                    }],
             "opacity":1,
             "type":"objectgroup",
             "visible":true,
             "x":0,
             "y":0
            },
         "type":"platform"
        }, 
        {
         "id":120,
         "objectgroup":
            {
             "draworder":"topdown",
             "name":"",
             "objects":[
                    {
                     "height":18,
                     "id":1,
                     "name":"Bloco1",
                     "rotation":0,
                     "type":"Platform",
                     "visible":true,
                     "width":18,
                     "x":0,
                     "y":0
                    }],
             "opacity":1,
             "type":"objectgroup",
             "visible":true,
             "x":0,
             "y":0
            },
         "type":"platform"
        }, 
        {
         "id":121,
         "objectgroup":
            {
             "draworder":"topdown",
             "name":"",
             "objects":[
                    {
                     "height":18,
                     "id":1,
                     "name":"Bloco1",
                     "rotation":0,
                     "type":"Platform",
                     "visible":true,
                     "width":18,
                     "x":0,
                     "y":0
                    }],
             "opacity":1,
             "type":"objectgroup",
             "visible":true,
             "x":0,
             "y":0
            },
         "type":"platform"
        }, 
        {
         "id":122,
         "objectgroup":
            {
             "draworder":"topdown",
             "name":"",
             "objects":[
                    {
                     "height":18,
                     "id":1,
                     "name":"Bloco1",
                     "rotation":0,
                     "type":"Platform",
                     "visible":true,
                     "width":18,
                     "x":0,
                     "y":0
                    }],
             "opacity":1,
             "type":"objectgroup",
             "visible":true,
             "x":0,
             "y":0
            },
         "type":"platform"
        }, 
        {
         "id":123,
         "objectgroup":
            {
             "draworder":"topdown",
             "name":"",
             "objects":[
                    {
                     "height":18,
                     "id":1,
                     "name":"Bloco1",
                     "rotation":0,
                     "type":"Platform",
                     "visible":true,
                     "width":18,
                     "x":0,
                     "y":0
                    }],
             "opacity":1,
             "type":"objectgroup",
             "visible":true,
             "x":0,
             "y":0
            },
         "type":"platform"
        }, 
        {
         "id":140,
         "objectgroup":
            {
             "draworder":"topdown",
             "name":"",
             "objects":[
                    {
                     "height":18,
                     "id":1,
                     "name":"Bloco1",
                     "rotation":0,
                     "type":"Platform",
                     "visible":true,
                     "width":18,
                     "x":0,
                     "y":0
                    }],
             "opacity":1,
             "type":"objectgroup",
             "visible":true,
             "x":0,
             "y":0
            },
         "type":"platform"
        }, 
        {
         "id":141,
         "objectgroup":
            {
             "draworder":"topdown",
             "name":"",
             "objects":[
                    {
                     "height":18,
                     "id":1,
                     "name":"Bloco1",
                     "rotation":0,
                     "type":"Platform",
                     "visible":true,
                     "width":18,
                     "x":0,
                     "y":0
                    }],
             "opacity":1,
             "type":"objectgroup",
             "visible":true,
             "x":0,
             "y":0
            },
         "type":"platform"
        }, 
        {
         "id":142,
         "objectgroup":
            {
             "draworder":"topdown",
             "name":"",
             "objects":[
                    {
                     "height":18,
                     "id":1,
                     "name":"Bloco1",
                     "rotation":0,
                     "type":"Platform",
                     "visible":true,
                     "width":18,
                     "x":0,
                     "y":0
                    }],
             "opacity":1,
             "type":"objectgroup",
             "visible":true,
             "x":0,
             "y":0
            },
         "type":"platform"
        }, 
        {
         "id":143,
         "objectgroup":
            {
             "draworder":"index",
             "id":2,
             "name":"",
             "objects":[
                    {
                     "height":18,
                     "id":1,
                     "name":"",
                     "rotation":0,
                     "type":"",
                     "visible":true,
                     "width":18,
                     "x":0,
                     "y":0
                    }, 
                    {
                     "height":18,
                     "id":2,
                     "name":"Bloco1",
                     "rotation":0,
                     "type":"Platform",
                     "visible":true,
                     "width":18,
                     "x":0,
                     "y":0
                    }],
             "opacity":1,
             "type":"objectgroup",
             "visible":true,
             "x":0,
             "y":0
            },
         "type":"platform"
        }, 
        {
         "id":153,
         "objectgroup":
            {
             "draworder":"index",
             "name":"",
             "objects":[
                    {
                     "height":14,
                     "id":1,
                     "name":"",
                     "rotation":0,
                     "type":"",
                     "visible":true,
                     "width":18,
                     "x":0,
                     "y":0
                    }],
             "opacity":1,
             "type":"objectgroup",
             "visible":true,
             "x":0,
             "y":0
            },
         "type":"platformer"
        }, 
        {
         "id":154,
         "objectgroup":
            {
             "draworder":"index",
             "name":"",
             "objects":[
                    {
                     "height":15,
                     "id":1,
                     "name":"",
                     "rotation":0,
                     "type":"",
                     "visible":true,
                     "width":18,
                     "x":0,
                     "y":0
                    }],
             "opacity":1,
             "type":"objectgroup",
             "visible":true,
             "x":0,
             "y":0
            },
         "type":"platformer"
        }, 
        {
         "id":155,
         "objectgroup":
            {
             "draworder":"index",
             "name":"",
             "objects":[
                    {
                     "height":14,
                     "id":1,
                     "name":"",
                     "rotation":0,
                     "type":"",
                     "visible":true,
                     "width":18,
                     "x":0,
                     "y":0
                    }],
             "opacity":1,
             "type":"objectgroup",
             "visible":true,
             "x":0,
             "y":0
            },
         "type":"platformer"
        }],
 "tilewidth":18,
 "type":"tileset",
 "version":"1.10"
}