{
  "firstLayout": "",
  "gdVersion": {
    "build": 99,
    "major": 4,
    "minor": 0,
    "revision": 0
  },
  "properties": {
    "adaptGameResolutionAtRuntime": true,
    "folderProject": false,
    "orientation": "landscape",
    "packageName": "com.example.gamename",
    "pixelsRounding": false,
    "projectUuid": "59a2d3e1-c3e3-4b54-afb9-cc388ec467ba",
    "scaleMode": "linear",
    "sizeOnStartupMode": "adaptWidth",
    "templateSlug": "",
    "useExternalSourceFiles": false,
    "version": "1.0.0",
    "name": "Atividade Level Designer",
    "description": "",
    "author": "",
    "windowWidth": 540,
    "windowHeight": 360,
    "latestCompilationDirectory": "",
    "maxFPS": 60,
    "minFPS": 20,
    "verticalSync": false,
    "platformSpecificAssets": {},
    "loadingScreen": {
      "backgroundColor": 0,
      "backgroundFadeInDuration": 0.2,
      "backgroundImageResourceName": "",
      "gdevelopLogoStyle": "light",
      "logoAndProgressFadeInDuration": 0.2,
      "logoAndProgressLogoFadeInDelay": 0.2,
      "minDuration": 1.5,
      "progressBarColor": 16777215,
      "progressBarHeight": 20,
      "progressBarMaxWidth": 200,
      "progressBarMinWidth": 40,
      "progressBarWidthPercent": 30,
      "showGDevelopSplash": true,
      "showProgressBar": true
    },
    "watermark": {
      "placement": "bottom-left",
      "showWatermark": true
    },
    "authorIds": [],
    "authorUsernames": [],
    "categories": [],
    "playableDevices": [],
    "extensionProperties": [],
    "platforms": [
      {
        "name": "GDevelop JS platform"
      }
    ],
    "currentPlatform": "GDevelop JS platform"
  },
  "resources": {
    "resources": [
      {
        "disablePreload": false,
        "file": "Tiled/fase01.tmj",
        "kind": "tilemap",
        "metadata": "",
        "name": "Tiled\\fase01.tmj",
        "userAdded": true
      },
      {
        "alwaysLoaded": false,
        "file": "Assets/Tilemap/tiles.png",
        "kind": "image",
        "metadata": "",
        "name": "Assets\\Tilemap\\tiles.png",
        "smoothed": true,
        "userAdded": true
      },
      {
        "disablePreload": false,
        "file": "Tiled/fase01.json",
        "kind": "tilemap",
        "metadata": "",
        "name": "Tiled\\fase01.json",
        "userAdded": true
      },
      {
        "alwaysLoaded": false,
        "file": "Assets/Tiles/tile_0037.png",
        "kind": "image",
        "metadata": "",
        "name": "Assets\\Tiles\\tile_0037.png",
        "smoothed": true,
        "userAdded": true
      },
      {
        "alwaysLoaded": false,
        "file": "Assets/Tiles/tile_0111.png",
        "kind": "image",
        "metadata": "",
        "name": "Assets\\Tiles\\tile_0111.png",
        "smoothed": true,
        "userAdded": true
      },
      {
        "alwaysLoaded": false,
        "file": "Assets/Tiles/tile_0068.png",
        "kind": "image",
        "metadata": "",
        "name": "Assets\\Tiles\\tile_0068.png",
        "smoothed": true,
        "userAdded": true
      },
      {
        "disablePreload": false,
        "file": "Tiled/fase02.json",
        "kind": "tilemap",
        "metadata": "",
        "name": "Tiled\\fase02.json",
        "userAdded": true
      },
      {
        "disablePreload": false,
        "file": "Tiled/simple_blocks.json",
        "kind": "json",
        "metadata": "",
        "name": "Tiled\\simple_blocks.json",
        "userAdded": true
      },
      {
        "alwaysLoaded": false,
        "file": "Assets/Characters/character_0007.png",
        "kind": "image",
        "metadata": "",
        "name": "Assets\\Characters\\character_0007.png",
        "smoothed": true,
        "userAdded": false
      },
      {
        "alwaysLoaded": false,
        "file": "Assets/Characters/character_0006.png",
        "kind": "image",
        "metadata": "",
        "name": "Assets\\Characters\\character_0006.png",
        "smoothed": true,
        "userAdded": false
      },
      {
        "alwaysLoaded": false,
        "file": "assets/Brown Door_Close Lined.png",
        "kind": "image",
        "metadata": "",
        "name": "Brown Door_Close Lined.png",
        "smoothed": false,
        "userAdded": false,
        "origin": {
          "identifier": "https://asset-resources.gdevelop.io/public-resources/Mini Interior Bed And Bath/Object/Door/ca19ea17c8edc51dd1fd8b52236031ea66fd5f1741a2194fb49e073431c405bd_Brown Door_Close Lined.png",
          "name": "Brown Door_Close Lined.png"
        }
      },
      {
        "alwaysLoaded": false,
        "file": "assets/Brown Door_Close None.png",
        "kind": "image",
        "metadata": "",
        "name": "Brown Door_Close None.png",
        "smoothed": false,
        "userAdded": false,
        "origin": {
          "identifier": "https://asset-resources.gdevelop.io/public-resources/Mini Interior Bed And Bath/Object/Door/7df9f4a798176eb5f104f9738a23978f5fa433f8a94f9ebee2b0384385bdf143_Brown Door_Close None.png",
          "name": "Brown Door_Close None.png"
        }
      },
      {
        "alwaysLoaded": false,
        "file": "Assets/Tiles/tile_0027.png",
        "kind": "image",
        "metadata": "",
        "name": "Assets\\Tiles\\tile_0027.png",
        "smoothed": true,
        "userAdded": true
      },
      {
        "alwaysLoaded": false,
        "file": "assets/tiled_Empty Cloud Background.png",
        "kind": "image",
        "metadata": "",
        "name": "tiled_Empty Cloud Background.png",
        "smoothed": true,
        "userAdded": false,
        "origin": {
          "identifier": "https://asset-resources.gdevelop.io/public-resources/Generic Backgrounds/1835a8e778f048485605f0cecdca221dccb5d4b05821f101c1fc05d239f422b2_tiled_Empty Cloud Background.png",
          "name": "tiled_Empty Cloud Background.png"
        }
      },
      {
        "alwaysLoaded": false,
        "file": "Assets/Background/tiled_Empty Cloud Background.png",
        "kind": "image",
        "metadata": "",
        "name": "Assets\\Background\\tiled_Empty Cloud Background.png",
        "smoothed": true,
        "userAdded": false
      },
      {
        "alwaysLoaded": false,
        "file": "assets/tiled_Brown background.png",
        "kind": "image",
        "metadata": "",
        "name": "tiled_Brown background.png",
        "smoothed": true,
        "userAdded": false,
        "origin": {
          "identifier": "https://asset-resources.gdevelop.io/public-resources/Abstract Platformer Pack (370 assets)/PNG/Backgrounds/4301a40f507e51d964f68121478aa525ca2acf8a65fb135fd9efa0dbacf96cf9_tiled_Brown background.png",
          "name": "tiled_Brown background.png"
        }
      },
      {
        "alwaysLoaded": false,
        "file": "Assets/Background/tiled_Brown background.png",
        "kind": "image",
        "metadata": "",
        "name": "Assets\\Background\\tiled_Brown background.png",
        "smoothed": true,
        "userAdded": true
      }
    ],
    "resourceFolders": []
  },
  "objects": [
    {
      "assetStoreId": "",
      "name": "Player",
      "tags": "",
      "type": "Sprite",
      "updateIfNotVisible": false,
      "variables": [],
      "effects": [],
      "behaviors": [
        {
          "name": "PlatformerObject",
          "type": "PlatformBehavior::PlatformerObjectBehavior",
          "acceleration": 1500,
          "canGoDownFromJumpthru": true,
          "canGrabPlatforms": false,
          "canGrabWithoutMoving": true,
          "deceleration": 1500,
          "gravity": 1000,
          "ignoreDefaultControls": false,
          "jumpSpeed": 600,
          "jumpSustainTime": 0.2,
          "ladderClimbingSpeed": 150,
          "maxFallingSpeed": 700,
          "maxSpeed": 250,
          "slopeMaxAngle": 60,
          "useLegacyTrajectory": false,
          "xGrabTolerance": 10,
          "yGrabOffset": 0
        }
      ],
      "animations": [
        {
          "name": "walk",
          "useMultipleDirections": false,
          "directions": [
            {
              "looping": true,
              "timeBetweenFrames": 0.08,
              "sprites": [
                {
                  "hasCustomCollisionMask": false,
                  "image": "Assets\\Characters\\character_0006.png",
                  "points": [],
                  "originPoint": {
                    "name": "origine",
                    "x": 0,
                    "y": 0
                  },
                  "centerPoint": {
                    "automatic": true,
                    "name": "centre",
                    "x": 0,
                    "y": 0
                  },
                  "customCollisionMask": []
                },
                {
                  "hasCustomCollisionMask": false,
                  "image": "Assets\\Characters\\character_0007.png",
                  "points": [],
                  "originPoint": {
                    "name": "origine",
                    "x": 0,
                    "y": 0
                  },
                  "centerPoint": {
                    "automatic": true,
                    "name": "centre",
                    "x": 0,
                    "y": 0
                  },
                  "customCollisionMask": []
                }
              ]
            }
          ]
        },
        {
          "name": "idle",
          "useMultipleDirections": false,
          "directions": [
            {
              "looping": false,
              "timeBetweenFrames": 0.08,
              "sprites": [
                {
                  "hasCustomCollisionMask": false,
                  "image": "Assets\\Characters\\character_0006.png",
                  "points": [],
                  "originPoint": {
                    "name": "origine",
                    "x": 0,
                    "y": 0
                  },
                  "centerPoint": {
                    "automatic": true,
                    "name": "centre",
                    "x": 0,
                    "y": 0
                  },
                  "customCollisionMask": []
                }
              ]
            }
          ]
        }
      ]
    }
  ],
  "objectsGroups": [],
  "variables": [],
  "layouts": [
    {
      "b": 209,
      "disableInputWhenNotFocused": true,
      "mangledName": "Fase01",
      "name": "Fase01",
      "r": 209,
      "standardSortMethod": true,
      "stopSoundsOnStartup": true,
      "title": "",
      "v": 209,
      "uiSettings": {
        "grid": true,
        "gridType": "rectangular",
        "gridWidth": 32,
        "gridHeight": 32,
        "gridOffsetX": 0,
        "gridOffsetY": 0,
        "gridColor": 10401023,
        "gridAlpha": 0.8,
        "snap": true,
        "zoomFactor": 0.6718673232529309,
        "windowMask": false
      },
      "objectsGroups": [],
      "variables": [],
      "instances": [
        {
          "angle": 0,
          "customSize": false,
          "height": 0,
          "layer": "",
          "name": "Level01Map",
          "persistentUuid": "150f266a-3c8b-40f3-8c86-f221914edd77",
          "width": 0,
          "x": 0,
          "y": 0,
          "zOrder": 1,
          "numberProperties": [],
          "stringProperties": [],
          "initialVariables": []
        },
        {
          "angle": 0,
          "customSize": false,
          "height": 0,
          "layer": "",
          "name": "Player",
          "persistentUuid": "1eedf0ce-50b0-4a72-bb9a-e7d74fea455e",
          "width": 0,
          "x": 32,
          "y": 128,
          "zOrder": 2,
          "numberProperties": [],
          "stringProperties": [],
          "initialVariables": []
        },
        {
          "angle": 0,
          "customSize": false,
          "height": 0,
          "layer": "",
          "name": "key",
          "persistentUuid": "2510c8ec-cc49-4eda-89d4-0e6342b92dfd",
          "width": 0,
          "x": 1024,
          "y": 64,
          "zOrder": 3,
          "numberProperties": [],
          "stringProperties": [],
          "initialVariables": []
        },
        {
          "angle": 0,
          "customSize": true,
          "height": 384,
          "layer": "",
          "name": "CloudBackground",
          "persistentUuid": "0d463543-d996-4d31-86ff-df9e0eff0538",
          "width": 1088,
          "x": 0,
          "y": 0,
          "zOrder": 0,
          "numberProperties": [],
          "stringProperties": [],
          "initialVariables": []
        },
        {
          "angle": 0,
          "customSize": false,
          "height": 0,
          "layer": "",
          "name": "fase01",
          "persistentUuid": "d778ddf7-11e3-47c2-b2e5-be07ca664945",
          "width": 0,
          "x": 0,
          "y": 0,
          "zOrder": 4,
          "numberProperties": [],
          "stringProperties": [],
          "initialVariables": []
        }
      ],
      "objects": [
        {
          "assetStoreId": "",
          "name": "Level01Map",
          "tags": "",
          "type": "TileMap::TileMap",
          "variables": [],
          "effects": [],
          "behaviors": [],
          "content": {
            "tilemapJsonFile": "Tiled\\fase01.json",
            "tilesetJsonFile": "Tiled\\simple_blocks.json",
            "tilemapAtlasImage": "Assets\\Tilemap\\tiles.png",
            "displayMode": "visible",
            "layerIndex": 0,
            "levelIndex": 100,
            "animationSpeedScale": 1,
            "animationFps": 4
          }
        },
        {
          "assetStoreId": "",
          "name": "key",
          "tags": "",
          "type": "Sprite",
          "updateIfNotVisible": false,
          "variables": [],
          "effects": [],
          "behaviors": [],
          "animations": [
            {
              "name": "key",
              "useMultipleDirections": false,
              "directions": [
                {
                  "looping": false,
                  "timeBetweenFrames": 0.08,
                  "sprites": [
                    {
                      "hasCustomCollisionMask": false,
                      "image": "Assets\\Tiles\\tile_0027.png",
                      "points": [],
                      "originPoint": {
                        "name": "origine",
                        "x": 0,
                        "y": 0
                      },
                      "centerPoint": {
                        "automatic": true,
                        "name": "centre",
                        "x": 0,
                        "y": 0
                      },
                      "customCollisionMask": []
                    }
                  ]
                }
              ]
            }
          ]
        },
        {
          "assetStoreId": "349bc496cd936f6b354be7e533e806787567c33b6f2e732a5b9cbaa3b2468955",
          "height": 128,
          "name": "CloudBackground",
          "tags": "",
          "texture": "Assets\\Background\\tiled_Empty Cloud Background.png",
          "type": "TiledSpriteObject::TiledSprite",
          "width": 128,
          "variables": [],
          "effects": [],
          "behaviors": []
        },
        {
          "assetStoreId": "",
          "name": "fase_1",
          "tags": "",
          "type": "TileMap::TileMap",
          "variables": [],
          "effects": [],
          "behaviors": [],
          "content": {
            "tilemapJsonFile": "Tiled\\fase01.json",
            "tilesetJsonFile": "Tiled\\simple_blocks.json",
            "tilemapAtlasImage": "Assets\\Tilemap\\tiles.png",
            "displayMode": "visible",
            "layerIndex": 0,
            "levelIndex": 0,
            "animationSpeedScale": 1,
            "animationFps": 4
          }
        },
        {
          "assetStoreId": "",
          "name": "fase01",
          "tags": "",
          "type": "TileMap::CollisionMask",
          "variables": [],
          "effects": [],
          "behaviors": [],
          "content": {
            "tilemapJsonFile": "Tiled\\fase01.json",
            "tilesetJsonFile": "Tiled\\simple_blocks.json",
            "collisionMaskTag": "Platform",
            "debugMode": false,
            "fillColor": "255;255;255",
            "outlineColor": "255;255;255",
            "fillOpacity": 64,
            "outlineOpacity": 128,
            "outlineSize": 1
          }
        }
      ],
      "events": [
        {
          "type": "BuiltinCommonInstructions::Comment",
          "color": {
            "b": 109,
            "g": 230,
            "r": 255,
            "textB": 0,
            "textG": 0,
            "textR": 0
          },
          "comment": "Eventos do player",
          "comment2": ""
        },
        {
          "type": "BuiltinCommonInstructions::Link",
          "include": {
            "includeConfig": 0
          },
          "target": "player"
        },
        {
          "type": "BuiltinCommonInstructions::Comment",
          "color": {
            "b": 109,
            "g": 230,
            "r": 255,
            "textB": 0,
            "textG": 0,
            "textR": 0
          },
          "comment": "Morte do player",
          "comment2": ""
        },
        {
          "type": "BuiltinCommonInstructions::Standard",
          "conditions": [
            {
              "type": {
                "value": "CollisionNP"
              },
              "parameters": [
                "Player",
                "",
                "",
                "",
                ""
              ]
            }
          ],
          "actions": [
            {
              "type": {
                "value": "Scene"
              },
              "parameters": [
                "",
                "\"Fase01\"",
                ""
              ]
            }
          ]
        }
      ],
      "layers": [
        {
          "ambientLightColorB": 8126320,
          "ambientLightColorG": 6063568,
          "ambientLightColorR": 7700632,
          "followBaseLayerCamera": false,
          "isLightingLayer": false,
          "name": "background img",
          "visibility": true,
          "cameras": [],
          "effects": []
        },
        {
          "ambientLightColorB": 0,
          "ambientLightColorG": 8042920,
          "ambientLightColorR": 16,
          "followBaseLayerCamera": false,
          "isLightingLayer": false,
          "name": "",
          "visibility": true,
          "cameras": [
            {
              "defaultSize": true,
              "defaultViewport": true,
              "height": 0,
              "viewportBottom": 1,
              "viewportLeft": 0,
              "viewportRight": 1,
              "viewportTop": 0,
              "width": 0
            }
          ],
          "effects": []
        }
      ],
      "behaviorsSharedData": [
        {
          "name": "PlatformerObject",
          "type": "PlatformBehavior::PlatformerObjectBehavior"
        }
      ]
    },
    {
      "b": 209,
      "disableInputWhenNotFocused": true,
      "mangledName": "Fase02",
      "name": "Fase02",
      "r": 209,
      "standardSortMethod": true,
      "stopSoundsOnStartup": true,
      "title": "",
      "v": 209,
      "uiSettings": {
        "grid": true,
        "gridType": "rectangular",
        "gridWidth": 32,
        "gridHeight": 32,
        "gridOffsetX": 0,
        "gridOffsetY": 0,
        "gridColor": 10401023,
        "gridAlpha": 0.8,
        "snap": true,
        "zoomFactor": 3.505871611675833,
        "windowMask": false
      },
      "objectsGroups": [],
      "variables": [],
      "instances": [
        {
          "angle": 0,
          "customSize": false,
          "height": 0,
          "layer": "",
          "name": "_fase02",
          "persistentUuid": "028c5c63-7626-4855-95b2-96da5dd58360",
          "width": 0,
          "x": 0,
          "y": 0,
          "zOrder": 1,
          "numberProperties": [],
          "stringProperties": [],
          "initialVariables": []
        },
        {
          "angle": 0,
          "customSize": false,
          "height": 0,
          "layer": "",
          "name": "Player",
          "persistentUuid": "bbda5ed4-0444-4c38-a3d8-8b88ed5ed6f9",
          "width": 0,
          "x": 0,
          "y": 192,
          "zOrder": 2,
          "numberProperties": [],
          "stringProperties": [],
          "initialVariables": []
        },
        {
          "angle": 0,
          "customSize": true,
          "height": 384,
          "layer": "",
          "name": "BrownBackground",
          "persistentUuid": "1b14720a-1937-41e1-b0d4-5569fceaf7c0",
          "width": 1088,
          "x": 0,
          "y": 0,
          "zOrder": 0,
          "numberProperties": [],
          "stringProperties": [],
          "initialVariables": []
        },
        {
          "angle": 0,
          "customSize": false,
          "height": 0,
          "layer": "",
          "name": "fase02",
          "persistentUuid": "d0921dc0-d3f6-4568-9698-a4557adb8ced",
          "width": 0,
          "x": 0,
          "y": 0,
          "zOrder": 3,
          "numberProperties": [],
          "stringProperties": [],
          "initialVariables": []
        }
      ],
      "objects": [
        {
          "assetStoreId": "",
          "name": "fase02",
          "tags": "",
          "type": "TileMap::CollisionMask",
          "variables": [],
          "effects": [],
          "behaviors": [],
          "content": {
            "tilemapJsonFile": "Tiled\\fase02.json",
            "tilesetJsonFile": "Tiled\\simple_blocks.json",
            "collisionMaskTag": "Platform",
            "debugMode": false,
            "fillColor": "255;255;255",
            "outlineColor": "255;255;255",
            "fillOpacity": 64,
            "outlineOpacity": 128,
            "outlineSize": 1
          }
        },
        {
          "assetStoreId": "",
          "name": "_fase02",
          "tags": "",
          "type": "TileMap::TileMap",
          "variables": [],
          "effects": [],
          "behaviors": [],
          "content": {
            "tilemapJsonFile": "Tiled\\fase02.json",
            "tilesetJsonFile": "Tiled\\simple_blocks.json",
            "tilemapAtlasImage": "Assets\\Tilemap\\tiles.png",
            "displayMode": "visible",
            "layerIndex": 0,
            "levelIndex": 0,
            "animationSpeedScale": 1,
            "animationFps": 4
          }
        },
        {
          "assetStoreId": "5f883acee1859eff1b45f63aadea85756be6281c37832ad0ef6fc235611ef373",
          "height": 128,
          "name": "BrownBackground",
          "tags": "",
          "texture": "Assets\\Background\\tiled_Brown background.png",
          "type": "TiledSpriteObject::TiledSprite",
          "width": 128,
          "variables": [],
          "effects": [],
          "behaviors": []
        }
      ],
      "events": [
        {
          "type": "BuiltinCommonInstructions::Comment",
          "color": {
            "b": 109,
            "g": 230,
            "r": 255,
            "textB": 0,
            "textG": 0,
            "textR": 0
          },
          "comment": "Eventos do player",
          "comment2": ""
        },
        {
          "type": "BuiltinCommonInstructions::Link",
          "include": {
            "includeConfig": 0
          },
          "target": "player"
        },
        {
          "type": "BuiltinCommonInstructions::Comment",
          "color": {
            "b": 109,
            "g": 230,
            "r": 255,
            "textB": 0,
            "textG": 0,
            "textR": 0
          },
          "comment": "Morte do player",
          "comment2": ""
        },
        {
          "type": "BuiltinCommonInstructions::Standard",
          "conditions": [
            {
              "type": {
                "value": "CollisionNP"
              },
              "parameters": [
                "Player",
                "",
                "",
                "",
                ""
              ]
            }
          ],
          "actions": [
            {
              "type": {
                "value": "Scene"
              },
              "parameters": [
                "",
                "\"Fase02\"",
                ""
              ]
            }
          ]
        }
      ],
      "layers": [
        {
          "ambientLightColorB": 0,
          "ambientLightColorG": 16777216,
          "ambientLightColorR": 0,
          "followBaseLayerCamera": false,
          "isLightingLayer": false,
          "name": "",
          "visibility": true,
          "cameras": [
            {
              "defaultSize": true,
              "defaultViewport": true,
              "height": 0,
              "viewportBottom": 1,
              "viewportLeft": 0,
              "viewportRight": 1,
              "viewportTop": 0,
              "width": 0
            }
          ],
          "effects": []
        }
      ],
      "behaviorsSharedData": [
        {
          "name": "PlatformerObject",
          "type": "PlatformBehavior::PlatformerObjectBehavior"
        }
      ]
    }
  ],
  "externalEvents": [
    {
      "associatedLayout": "Fase01",
      "lastChangeTimeStamp": 0,
      "name": "player",
      "events": [
        {
          "type": "BuiltinCommonInstructions::Comment",
          "color": {
            "b": 109,
            "g": 230,
            "r": 255,
            "textB": 0,
            "textG": 0,
            "textR": 0
          },
          "comment": "Movimentação do player",
          "comment2": ""
        },
        {
          "type": "BuiltinCommonInstructions::Standard",
          "conditions": [
            {
              "type": {
                "value": "PlatformBehavior::PlatformerObjectBehavior::IsMovingEvenALittle"
              },
              "parameters": [
                "Player",
                "PlatformerObject"
              ]
            }
          ],
          "actions": [
            {
              "type": {
                "value": "SetAnimationName"
              },
              "parameters": [
                "Player",
                "\"walk\""
              ]
            }
          ]
        },
        {
          "type": "BuiltinCommonInstructions::Standard",
          "conditions": [
            {
              "type": {
                "inverted": true,
                "value": "PlatformBehavior::PlatformerObjectBehavior::IsMovingEvenALittle"
              },
              "parameters": [
                "Player",
                "PlatformerObject"
              ]
            }
          ],
          "actions": [
            {
              "type": {
                "value": "SetAnimationName"
              },
              "parameters": [
                "Player",
                "\"idle\""
              ]
            }
          ]
        },
        {
          "type": "BuiltinCommonInstructions::Standard",
          "conditions": [
            {
              "type": {
                "value": "KeyPressed"
              },
              "parameters": [
                "",
                "Left"
              ]
            }
          ],
          "actions": [
            {
              "type": {
                "value": "FlipX"
              },
              "parameters": [
                "Player",
                ""
              ]
            }
          ]
        },
        {
          "type": "BuiltinCommonInstructions::Comment",
          "color": {
            "b": 109,
            "g": 230,
            "r": 255,
            "textB": 0,
            "textG": 0,
            "textR": 0
          },
          "comment": "Próxima fase",
          "comment2": ""
        },
        {
          "type": "BuiltinCommonInstructions::Standard",
          "conditions": [
            {
              "type": {
                "value": "CollisionNP"
              },
              "parameters": [
                "Player",
                "key",
                "",
                "",
                ""
              ]
            }
          ],
          "actions": [
            {
              "type": {
                "value": "Scene"
              },
              "parameters": [
                "",
                "\"Fase02\"",
                ""
              ]
            }
          ]
        },
        {
          "type": "BuiltinCommonInstructions::Standard",
          "conditions": [],
          "actions": []
        },
        {
          "type": "BuiltinCommonInstructions::Comment",
          "color": {
            "b": 109,
            "g": 230,
            "r": 255,
            "textB": 0,
            "textG": 0,
            "textR": 0
          },
          "comment": "Camera seguir o player",
          "comment2": ""
        },
        {
          "type": "BuiltinCommonInstructions::Standard",
          "conditions": [],
          "actions": [
            {
              "type": {
                "value": "CentreCamera"
              },
              "parameters": [
                "",
                "Player",
                "",
                "\"background img\"",
                ""
              ]
            }
          ]
        }
      ]
    }
  ],
  "eventsFunctionsExtensions": [],
  "externalLayouts": [],
  "externalSourceFiles": []
}